"ORDER_LINE_ID","ORDER_ID","PRODUCT_ID","QUANTITY"
"348431X1","348431","P34849","70"
"348431X2","348431","P31933","40"
"348431X3","348431","P37481","25"
"348431X4","348431","P37816","40"
"348431X5","348431","P43003","24"
"348431X6","348431","P49637","11"
"342933X1","342933","P32910","450"
"342933X2","342933","P29786","340"
"342933X3","342933","P48267","297"
"342933X4","342933","P48935","470"
"200983X1","200983","P29786","30"
"200983X2","200983","P38919","30"
"200983X3","200983","P46124","50"
"200983X4","200983","P40821","50"
"200983X5","200983","P48935","63"
"200983X6","200983","P33658","20"
"200983X7","200983","P48267","30"
"200983X8","200983","P37816","80"
"200983X9","200983","P43003","100"
"366517X1","366517","P22939","100"
"366517X2","366517","P21935","250"
"366517X3","366517","P49637","250"
"366517X4","366517","P36936","250"
"366517X5","366517","P49186","250"
"366517X6","366517","P46124","50"
"366517X7","366517","P40821","50"
"366517X8","366517","P29786","50"
"366517X9","366517","P38919","50"
"249490X1","249490","P34849","500"
"249490X2","249490","P32214","500"
"249490X3","249490","P31933","300"
"249490X4","249490","P37481","300"
"281294X1","281294","P48935","450"
"281294X2","281294","P33658","300"
"281294X3","281294","P42910","500"
"281294X4","281294","P48267","255"
"281294X5","281294","P50225","350"
"281294X6","281294","P37816","300"
"281294X7","281294","P43003","500"
"281294X8","281294","P32910","255"
"281294X9","281294","P20103","350"
